Robbins	David	davidrobbins2011@gmail.com
Robbins	Dave	drobbins@4d.com
Miller	Tom	tmiller@4d.com
Finlay	Daniel	somniac@me.com
Overson	Jarrod	jsoverson@gmail.com
Barrientos	Humberto	Hawksmoor@gmail.com
Takamaru	Shoei	takamario.ver.3.0@gmail.com
Schneider	Matt	mattonic@gmail.com
Rajendran	Krishna	krishna@emptybox.org
Khan	Md	khan4019@gmail.com
Orihuela	Jose	silicon.tek@gmail.com
Savinkova	Yulia	yuliasavinkova@gmail.com
Ramam	Shishir	srgama+eventbrite@gmail.com
Waterman	Andrew	andrew.waterman@gmail.com
Leeper	Andrew	leepfrog@mochaleaf.com
Jeria	Christian	christian@mochaleaf.com
Taylor	Jeremy	jeremy@mochaleaf.com
Davis	Aaron	aa@mochaleaf.com
Kar	 Mehul	 mehulkar@mochaleaf.com
Charapaev	 Victor	victorc@mochaleaf.com
Siskos	Vasilis	vsiskos@mochaleaf.com
Rao	 Sameera	samerao@paypal.com
lindsey	devon	devon@telmate.com
Savona	Joe	Savona@telmate.com
Mccabe	Todd	todd@telmate.com
Wilken	Jeremy	jewilken@ebay.com
Selvanathan	Sam	sjasel@gmail.com
Savla	Sumit	sumit.savla@gmail.com
Verbaten	Jake	raynos2@gmail.com
Ragan	Richard	rragan@ebay.com
Nekkalapudi	Satish	satishnekkalapudi@gmail.com
Dillon	Gerred	hello@gerred.com
Koranga	Sanjeev	skoranga@aol.com
smith	joseph	technicolorenvy@gmail.com
Uy	Justin	justinphillipuy@gmail.com
Umesh Kumar	Sheetal	sheetaluk@gmail.com
Hovlandsdal	Espen	espen@hovlandsdal.com
Wasserman	Dan	dan.wasserman@mac.com
Volden	Espen	voldern@hoeggen.net
Sison	Kevin	kevinasison@gmail.com
Lord	Val	valerie.lord@gmail.com
Phillips	Helen	hellyphillips@gmail.com
Phillips	Berry	berryphillips@gmail.com
Lakenen	Cameron	lakenen@box.com
Taylor	Joe	iamjoetaylor@gmail.com
Gabaut	Jonathan 	iamjoetaylor@gmail.com
Fletcher	Paul	iamjoetaylor@gmail.com
Sankala	Nidhi	iamjoetaylor@gmail.com
Fleyshman	Jeff	iamjoetaylor@gmail.com
Mittal	Rajat	rajat@getlocbox.com
Wright	Mims	mims@mimswright.com
Norvell	Forrest L	ogd@aoaioxxysz.net
Keeney	David	dkeeney@travelbyroad.net
Pettersen	Timothy	tim@atlassian.com
Paul	John K. Paul	john@johnkpaul.com
jarvinen	ryan	ryanj@redhat.com
Krahn	Robert	robert.krahn@gmail.com
Sack	Warren	wsack@ucsc.edu
Ruffles	Tim	timruffles@googlemail.com
Stepanyan	Ingvar	me@rreverser.com
Conlen	Matthew	mpconlen@gmail.com
Leeper	Andy	leepfrog@mochaleaf.com
Ozcelik	Volkan	volkan@o2js.com
Brehm	Spike	ocelot@gmail.com
Felipe	Nascimento de Moura	felipenmoura@gmail.com
Harrell	Jeff	jeff@juxtadesign.com
Mason	Brandon	brandon@torchlightsoftware.com
Ranweiler	Joseph	josephkennethranweiler@gmail.com
Schilling	Michael	schilling@home.nl
Anisimov	Pavel	pavel.n.anisimov@gmail.com
Hall	Blake	blake@lullabot.com
Duran	Eric	eric.duran7@gmail.com
Justiniano	Carlos	carlos.justiniano@igt.com
Burlando	Michael	Mike.Burlando@IGT.com
Desaulniers	Nick	ndesaulniers@mozilla.com
Vornle	Alexandra	alexandra@socialchorus.com
Anand	Deepti	deepti.anand@socialchorus.com
Mooney	Magee	mageemooney@me.com
Mudunuri	Sowjanya	sowjanya.mudunuri@socialchorus.com
Von Zastrow	Fito	fito.vonzastrow@socialchorus.com
Katsamberis	Lydia	llkats@gmail.com
Walker	Selby	selby@versal.com
Zaworski	RJ	rj@versal.com
Bannister	Mike	mike@versal.com
Group	Versal	account@versal.com
Brooks	Kirk	kirk.brooks@gmail.com
Cantino	Andrew	andrew@mavenlink.com
Chris	Alvarado-Dryden	chris@mavenlink.com
Mingle	Caleb	caleb@mavenlink.com
Bardin	Jon	jon@mavenlink.com
Levin	Eric	ericrius1@gmail.com
Gandolfo	Bianca	gandolfo.bianca@gmail.com
Jozsef Ferenc	Pengo	jozsef.pengo@prezi.com
Borgersen	Jan	jborgersen@gmail.com
Hussein	Amjad	ahussein@vt.edu
McCall	Ian	imccall@da-puck.com
Borole	Amol	amol.borole@gmail.com
Lowe	Jacob	jacoblowe2.0@gmail.com
Huckaby	Joseph	jhuckaby@gmail.com
Suranovych	Viktor	vvv00119922@gmail.com
Onay	Ozan	oonay@practicefusion.com
Hoyer	Quinn	qhoyer@practicefusion.com
Chou	Jim	jchou@practicefusion.com
Flanagan	August	aflanagan@trulia.com
Cantrell	JD	jcantrell@trulia.com
Bui	Tuan	tbui@trulia.com
Marquez	Marissa	mmarquez@trulia.com
Guan	Michael	mguan@trulia.com
Pawlowski	Mary	mary@pepski.com
Haven	Lauren	lhaven@cobalt.com
Verghese	Riya	riyav@hotmail.com
Thiagarajan	Yuvaraj	netizen@email.com
Seip	Jake	jake.seip@gmail.com
Kunovsky	Savannah	sekunovsky@gmail.com
Alam	Mehboob	malam@thinkx.com
ADAMASHVILI	TENGIZ	tengoad@gmail.com
Wolfe	Alexander	alex@firebase.com
Aranibar	alejandra	aarani@babycenter.com
Farache	Bruno 	bruno.farache@liferay.com
Roberts	Andrew	andrew@textbox.io
Davey	Ben	ben@textbox.io
Pethiyagoda	Ruan	ruan@hackreactor.com
Dabit	Nader	dabit3@gmail.com
Isber	Shadi	shadi@enfos.com
Deshpande	Walmik	walmik@enfos.com
Garfinkel	Kristina	kristina.garfinkel@gmail.com
Mitchell	Curtis	curtis.l.mitchell@gmail.com
Pedersen	Ted	tepedersen@ebay.com
Castro	Adriano	ad@adrianocastro.net
Embrey	Blake	me@blakeembrey.com
Leong	William	wleong@microsoft.com
Hughes	Bryan	bryan@theoreticalideations.com
Kordsmeier	David J	dkords@gmail.com
Coburn	Brian	thebots@thebots.net
Kellner	Peter	peter@peterkellner.net
Galbi	Dave	dave_galbi@yahoo.com
Freedman	Noah	freedmannoah@gmail.com
Ashworth	Clint	clintonnash44@gmail.com
Inozemtsev	Roman	roman.inozemtsev@gmail.com
Prakash	Pooja	pooja.prakashrao@gmail.com
Gaddid	Gaddis	gaddis@apple.com 
Aditya	Govindaraju	ADITYA.GRJU@GMAIL.COM 
Matthew	Miller	matthew.mills@socialchorus.com
Zoe	Madden-wood	maddenwood@gmail.com
Skyler	Brungardt	skyler.brungardt@gmail.com 
Ivan	Marchenko	imxep@yodlee.com 
Rasika	Pawar	imxep@yodlee.com 
Ben	Bronson	imxep@yodlee.com 
Deepak	Shah	imxep@yodlee.com 
Hitesh	Patwari	hpatwari@ebay.com 
Rehan 	Iftikhar	 rehan.iftikhar@gmail.com 
Max	Chung	max@maxjchung.com
Andrey	Mima	amima@amima.ru 
Ben	Jaffe	jaffe.ben@gmail.com 
Scott	Motte	scott.motte@sendgrid.com 
Bruno	Fonzi	bruno@codame.com 
Adam	Ulvi	adam@pokemedia.com
Andy	Leeper	leepfrog@mochaleaf.com
Douglas	Crockford	douglas@crockford.com
Forrest L	Norvell	forrest@newrelic.com
Ingvar	Stepanyan	 me@rreverser.com
Joe 	Wells	joe_wells@intuit.com
Nick 	Rowe	n.rowe@modcloth.com
Shawn	Drost	shawn@hackreactor.com
Rich 	Manalang 	rmanalang@atlassian.com
Warren	Sack	wsack@ucsc.edu
Wes	 Bailey	w.bailey@modcloth.com
Zeno	Rocha	hi@zenorocha.com

